path,sha256,size
Block/Adminhtml/System/Config/Elasticsearch5/TestConnection.php,360f1ba23aae0914ef18a317c9abfa6872541953bba6c13b16415b91a40396c3,1088
Block/Adminhtml/System/Config/TestConnection.php,8e9f2ec1ff32c0e765060de6856b2a872a4629efc395ef9321a5f36bbf854075,1063
Elasticsearch5/Model/Adapter/BatchDataMapper/CategoryFieldsProvider.php,37475c778951383b117484537910ce9f50da0831ed8f76bbc8faeb291c619410,1925
Elasticsearch5/Model/Adapter/BatchDataMapper/CategoryFieldsProviderProxy.php,68c1ef3db67b443c71f34e48ce9bcfa92984f703c1daa255a8e1dd3519b00776,1477
Elasticsearch5/Model/Adapter/DataMapper/ProductDataMapper.php,6b265521d1b4bfe228aabe8e6653d1bc17ae4d2ee1c6f226fae0d3a816845602,13686
Elasticsearch5/Model/Adapter/DataMapper/ProductDataMapperProxy.php,a2e954d1f9cc650e40dbe695d29f41b12bd74e5ce6ce1ae5e4d82113ab5a92b5,1321
Elasticsearch5/Model/Adapter/FieldMapper/ProductFieldMapper.php,668fa50b4707e00085e22a4305e3c4a58300f9ba87f308572c5d08736d0353eb,7676
Elasticsearch5/Model/Adapter/FieldMapper/ProductFieldMapperProxy.php,eea2602e083dcf5d120d1a3c334f7a6d2070d81eb2690def25b8b93f2d7f478c,1762
Elasticsearch5/Model/Adapter/FieldType.php,a29fb4a486bc4b596187eb71f5f62d9a6cabe2a1a62866504c0e59f88a0ba520,1520
Elasticsearch5/Model/Client/ClientFactoryProxy.php,702ef548966122ffd900ac2aab4811caf2b62e5c5218ceca92f457416b2d3a30,1274
Elasticsearch5/Model/Client/Elasticsearch.php,f9be0a160e75342325a23e520f0448d1ede09f898cf695077e4314cee7ea6af0,10390
Elasticsearch5/SearchAdapter/Adapter.php,84939a724107050652a6743b68f92459b652c724b1a8b74c6d6c27e8b5844a94,2803
Elasticsearch5/SearchAdapter/Mapper.php,5ad2f99cd5b5cacd441302ba8a86fa6d5bdf40015af9b77d83ab2de66f7d797b,6357
Elasticsearch5/SearchAdapter/Query/Builder.php,44399babb91bebf0c8fe5e714432235d0d238884de02c6f8034ddc786acb3169,2761
LICENSE_EE.txt,f459a0a68660ccc9b7809f73f7c6deb22e622603754a18e866496b59db020569,30634
Model/Adapter/BatchDataMapper/CategoryFieldsProvider.php,5aeef71f40587ee314a9947c583309bebe8cf2852ac6437607c11b9bb035ad8f,1924
Model/Adapter/BatchDataMapper/DataMapperFactory.php,3d3c2b19e22deb41850a323a5b765b3ca065de5fb21bd317ef03e8bd6bb97ded,2096
Model/Adapter/BatchDataMapper/DataMapperResolver.php,e3c8a2ae566362098dbe4ea26382dc077d348844d252307beb332416d32b333d,1734
Model/Adapter/BatchDataMapper/PriceFieldsProvider.php,7bcfa03090580fb2f627bcd4a72032a2d520b6e4041a01cc80c1a253090eada3,2366
Model/Adapter/BatchDataMapper/ProductDataMapper.php,4740e8128f071a0b9f0d96af0acadff2c59ae494074dd575c113ea0f8ed48a92,13194
Model/Adapter/BatchDataMapperInterface.php,0aaacad23c1b7c77ac9d02e0773f9acd491cae63e0b713d49e2c87babaa20781,681
Model/Adapter/Container/Attribute.php,92fa069a530a1f3c5de6a8a0271f07d62251f7f32a6b0b1ba79cffb117a63a7c,2848
Model/Adapter/DataMapper/DataMapperResolver.php,f18613ce82181ebb6b91f86f513842306e973ae7f1382849152d3353e234d0ff,2564
Model/Adapter/DataMapper/ProductDataMapper.php,a4068bdfb79063149f6761b595c16acf6cb130670f62b8fc49c2bd3f2982d28e,1795
Model/Adapter/DataMapperInterface.php,9500726b72aa7d29f327b31b4727d530e289b2c65e26b155959414c0fd9cf549,600
Model/Adapter/Document/Builder.php,ee36fdc28454d2f63b7b3d6d0a45e3f89f8dad6ce36b146c8d420fb8163666b1,1925
Model/Adapter/Elasticsearch.php,2533c97457c82972620c0698b348b767afdc1d53f4656c4dd557f5abfdd934f2,10840
Model/Adapter/FieldMapper/FieldMapperResolver.php,8eaefdddedf9be541b10862ce81dcc87bd8a3ca3fe65c987d2d532e033aa54cf,2717
Model/Adapter/FieldMapper/ProductFieldMapper.php,5425048ebcf6c06b3753c21627d2e673f2e3b21ae82d2d96c602bdc7dcb442f1,4894
Model/Adapter/FieldMapperInterface.php,7e216b80ecdd3f852a67d8b23a1f1d4e141c6f5929b154446211b067dca34890,806
Model/Adapter/FieldType.php,83439c3b8134a4913ed7a522ecdec12a0e04a1e50f44384a2df3e0612c920d00,1467
Model/Adapter/FieldType/Date.php,e81637d805d74ddb65f0e211b993b6fb909955cef4c22a522b6069623cfc2884,1501
Model/Adapter/Index/Builder.php,df948e75dd390e01f7052f534c6f0d26d22a347b3eb9bacb3c987d53f25d3fa5,3291
Model/Adapter/Index/BuilderInterface.php,b85f68968afa4041c6292147911b87de70540d141cf2ed1f7bbaa941f87a976b,440
Model/Adapter/Index/Config/Converter.php,0eee16defa006bb16df39392b9635e3b1225203c115dc2b94d72f9ec68544443,1226
Model/Adapter/Index/Config/EsConfig.php,632590a8fa2d566e093eb2e7c5e003d12bc85299103f8637bb67f1484212443d,1085
Model/Adapter/Index/Config/EsConfigInterface.php,9e2b554d4fc9f3b309bd7696cd67b29863e2ac57f5cd031244c733185b337481,429
Model/Adapter/Index/Config/SchemaLocator.php,c93e902cd0305dbab9290355f67e742166f117272ff931aae62407585a24f688,1409
Model/Adapter/Index/IndexNameResolver.php,6ff0be915eec73e53ca167d2db56f5a06174cc9325af18c095083c2e253ea934,4633
Model/Client/Elasticsearch.php,de21a134ce6aecbced546e85bf8966cc60efd63d31561ad0d551630d64efadad,8570
Model/Config.php,e7638633121dd26006d9c5dd1a122107f60793cab79d0d01d41216765e194cc2,3984
Model/DataProvider/Suggestions.php,b6dbf43a2047a1a6c36cbb560ea2e003cc14bcdcf8cb3e3d12cbb749b548937a,6346
Model/Indexer/IndexStructure.php,6766b404be3d0d5edf84d794c41cf6a95073db757a83ee701c2987b9efb9a656,1545
Model/Indexer/IndexerHandler.php,0196e7b71b70273a78280a981d262fa8cb70f003bcdb90d03d70cf39b95e61b6,3676
Model/Indexer/Plugin/DependencyUpdaterPlugin.php,ca0bcf37e1e0bdd577dfc066cd008b8064d55ec599917442de3c3a024b76d27b,3034
Model/Indexer/Plugin/StockedProductsFilterPlugin.php,1e27c63a5d20ec9694f169c96e21ffae9d549405f34ad315af09607f1538d8d0,3099
Model/ResourceModel/Engine.php,5dcff7fca602b35015fab835fc6ec9fc624152b48e3affe3f994dfe42e65526b,2037
Model/ResourceModel/Index.php,62ca1758e6dba9526a24a50aee7e00d3e8c9251f2656e14c8993adff3a0575f1,5261
README.md,eb19d22ff8a96bce5aadf8ac979edcae602b69fcb7047a271e14fceba4365f58,157
SearchAdapter/Adapter.php,fa08f4582dd3ca622f800d6d4bdf2cd7065351ac7672b6e181b5e9f0a5554376,2646
SearchAdapter/Aggregation/Builder.php,1a3e98f0697e1d31721b743300c9fb574da22daa614a0bc0990f85a1bb20457a,3340
SearchAdapter/Aggregation/Builder/BucketBuilderInterface.php,f0612bf077aa40917892ede08d7bed927c07f99df7c71586c028c1418c89ebd1,831
SearchAdapter/Aggregation/Builder/Dynamic.php,d80229237197657335ac3eacd98383ff8b7e884ac578d4611c70b4259950542f,2603
SearchAdapter/Aggregation/Builder/Term.php,9a77d427cdd2962343f08b9a8d3280bd043857884b27e52c304222ad4dd67ee2,898
SearchAdapter/Aggregation/DataProviderFactory.php,399248f4261ceac0cbc564faccb0e3a002a5734caed77b88593897a4d2face01,2583
SearchAdapter/Aggregation/Interval.php,31659fbcfab92247ec773fe953094c9159597d13aefc12ef84f050479d00900a,8819
SearchAdapter/AggregationFactory.php,87c04e78a0f09204ae13ab96cb8da7a76057ada8c2340bba7be0217bbd6236f9,2097
SearchAdapter/ConnectionManager.php,6eed0b5b8a54fd15824bc244b1b2095bffc038ba31337d541d91ce46c4fcc8c9,2106
SearchAdapter/DocumentFactory.php,b8f89a65d0e73f72120c319feb1904c44f5205af9da33f9079b878dea2286a4e,2156
SearchAdapter/Dynamic/DataProvider.php,4a4a646618084f1ca3e54255e28b89633f0f1a2d19aeb35693af8173ce741af1,9967
SearchAdapter/Filter/Builder.php,97551ff89eb680282cb4e5ee6788faaad8434d37cf9ccdb52f4aa885c63dcefe,4944
SearchAdapter/Filter/Builder/FilterInterface.php,d2de2070eacb76048d560b0be71c2322bb0991ca61004d908c225aa22a44b6ff,482
SearchAdapter/Filter/Builder/Range.php,c53df808ac5102dd97dec4b97dab98ec54e21315de6d66f7a0c2983a6017233f,1247
SearchAdapter/Filter/Builder/Term.php,20aa87e3ba1db6758c5670f76619662d3b82cdf9a2f1f02de1651f0ff1eef5c3,1234
SearchAdapter/Filter/Builder/Wildcard.php,c25ca267a1e02cd32a28648c84dd28c0cda62133f6d6f08e4ae24460b9031f71,1131
SearchAdapter/Filter/BuilderInterface.php,9ed745a6749cc35fe8f4d2595bb3c179de6759bc221446fe2460aca42a1e69af,681
SearchAdapter/Mapper.php,c405e0a64d03fb7c507157120ee298ac3aeb9391a4718c58abb3921cd98e7857,2085
SearchAdapter/Query/Builder.php,8e14d85d271e40de6fbd6c7cfaa4fcb6c39da70bf8ef1ccf1751696c54fde29c,1226
SearchAdapter/Query/Builder/Aggregation.php,0c21edf72a0c4f95e8ea460b9fb2bcf3e01b7c8e0b50ff6b046fb1c2a2fd7a06,2440
SearchAdapter/Query/Builder/Match.php,0ee7a42061e68972e2dc4e2e17ac752dd4ad188a732b22c1fac93c341863e5e1,4928
SearchAdapter/Query/Builder/QueryInterface.php,2061d3a50d6f3c442fa580d9bc4b653a4c612fb2985902ceab0f7e1530da10ae,617
SearchAdapter/Query/Preprocessor/Stopwords.php,64d1cbef0aafcd5bc9d7004b30f01a1f291c526d595c583b54b1e62af6446ec8,5169
SearchAdapter/QueryAwareInterface.php,b91b6f0400e3fbf887726738c5bba9df20d486a55019e6415384eb8e00b842f1,533
SearchAdapter/QueryContainer.php,cd6e65db8400bf30dfd055f1e92a994aa06c8b942f3930ba9be02f384c4ae1e0,624
SearchAdapter/ResponseFactory.php,8c329b187025cb955c8388c3113a19d8356c2c09ad947bc5fe922c082b25d3fe,2110
SearchAdapter/SearchIndexNameResolver.php,98d62a25f07638a0a7aaf90a81188277b18e43f21699a1b802e79d9e163a12f0,1331
Test/Mftf/LICENSE_EE.txt,f459a0a68660ccc9b7809f73f7c6deb22e622603754a18e866496b59db020569,30634
Test/Mftf/README.md,1abedd7cbc101ae262e40d530a151da3e5c4456c3923ff4ee6d294b2d2f006d5,99
Test/Mftf/composer.json,0812d071d4905715a7235718facfe4eff3cb803496dcffdefbd343ab91d0f00b,965
Test/Unit/Elasticsearch5/Model/Adapter/FieldMapper/ProductFieldMapperTest.php,6ed21ff5193c5d4eb21b925f883daca4102a8acb13dc31f919ae1948553d7c5d,10226
Test/Unit/Elasticsearch5/Model/Adapter/FieldTypeTest.php,2b03cae84735d2b3f9c7f343f9e63c6968f0ff067943c7a035da39b7fb40912a,3468
Test/Unit/Elasticsearch5/Model/Client/ElasticsearchTest.php,c73700f9f1aab8ab26236e2c552672f5db106fab51f029487fd233f97b6b989e,16915
Test/Unit/Model/Adapter/BatchDataMapper/DataMapperFactoryTest.php,78958b065b52fc0986892baa5a84b3ddb95213fd213923372cb85abf625b9282,2553
Test/Unit/Model/Adapter/BatchDataMapper/DataMapperResolverTest.php,cb848e6073447ed15884f34d7dceaa4cf2412986580c04e04e78fc7fa9d83a63,2291
Test/Unit/Model/Adapter/BatchDataMapper/ProductDataMapperTest.php,cbba6540d1b92121c705e89637c2921aaaecfd8f64c75d8c4bcb775dc7552970,13445
Test/Unit/Model/Adapter/Container/AttributeTest.php,d04a1647dd09631bfa0f93a126f6147fa13f230f85510925119c6571fd17f9eb,7727
Test/Unit/Model/Adapter/DataMapper/ProductDataMapperTest.php,3bb58e79e1cceccee9ada1330adb70136ede0e3b241bb07f7994bc3684d2dc00,13823
Test/Unit/Model/Adapter/Document/BuilderTest.php,0fb275eb9b032d8089d478ecfaad837d41749e4017045dfc20e81606cfb9f722,4495
Test/Unit/Model/Adapter/ElasticsearchTest.php,09fcfd61d2d9ad626c855b06ff4a174bd6086e6a36573ba232f18209160db8e6,15073
Test/Unit/Model/Adapter/FieldMapper/FieldMapperResolverTest.php,6dc27c9049e93139e306ac4a99b0dc3a62b20c4ec2811f171534820e8f490247,3310
Test/Unit/Model/Adapter/FieldMapper/ProductFieldMapperTest.php,ab0c47c312e842a9497371c9875a23fc760b6590a64e446ebb8aa80ccac2d4ca,10203
Test/Unit/Model/Adapter/FieldType/DateTest.php,e0ec31e2009ff431c5523bf133def06f5c4326489a52b88f1f388d6f6d6d01ff,2569
Test/Unit/Model/Adapter/Index/BuilderTest.php,5f0d705ffcc9557ffac275694d03bba1576341a88d631147b25739ce9acb314f,2649
Test/Unit/Model/Adapter/Index/Config/ConverterTest.php,9852852128cf8c5e40f1bc3d92f03ff1b4e22c0bdcdfd1b0ee500359f948cfb3,1184
Test/Unit/Model/Adapter/Index/Config/EsConfigTest.php,efc9aded24d52aad1023afe2bded6471af4237a152d21b87b9c72ee157869f20,2554
Test/Unit/Model/Adapter/Index/Config/SchemaLocatorTest.php,dd9086ce9e42488d89cb17219b6b2f3efefbd0b44d8c26d70cc2c74dd0e015d4,1741
Test/Unit/Model/Adapter/Index/Config/_files/esconfig_test.xml,13e9a9c16feee63a7b335e3ecf2f0e89c34286df60b6d2dea0e560a5a4cf3406,600
Test/Unit/Model/Adapter/Index/IndexNameResolverTest.php,45e14b55dad7a67d81e5331ccec876cb78152610b298dc57787a8edb5fd336e2,8401
Test/Unit/Model/ConfigTest.php,cd13305b5a3800710ced3698a4875765d9ca52074a54a7073b39e09ca980abd8,2379
Test/Unit/Model/DataProvider/SuggestionsTest.php,719646530fcf289b5e058e1da30b072c5a4e84640a6dfe7faa1f3c1a05e64111,5900
Test/Unit/Model/Indexer/IndexStructureTest.php,7c280034c5e762e01efbaa2e0854ac0f320aab23a2b60a8fd3b0e70b7aa11167,3100
Test/Unit/Model/Indexer/IndexerHandlerTest.php,d9008b85f62a4c08eb3dcf09ccb7fc32265adb8be24802d13f27dfa63f20cfaf,8011
Test/Unit/Model/Indexer/Plugin/DependencyUpdaterPluginTest.php,292f64d89c34ecb0c80136f95f158fd7b55bcbe0235e410d1ad71987c5185227,2896
Test/Unit/Model/Indexer/Plugin/StockedProductsFilterPluginTest.php,d2d65dbd67faa3f6fbfb714d27e8b2cc43a3a5d1ffafe6be3086b96622b62c61,4502
Test/Unit/Model/ResourceModel/EngineTest.php,37750b9951a04854b2800eb94623e8045868977c5d42df8af4bcc3f6e0e49057,4108
Test/Unit/Model/ResourceModel/IndexTest.php,19a40da8c12ea7b4c8d5525d2d0698c121af6473e6f7fda249c7e6ff3e9c776a,17483
Test/Unit/SearchAdapter/AdapterTest.php,763264a2c6c2c8cbd571d571896e64238c6e77556525ae4371454dd8cf3c1d08,5383
Test/Unit/SearchAdapter/Aggregation/Builder/DynamicTest.php,9a90eb59a4ce3fd828e48433eff670ddb7e53508cbbab2aa518afdafebca36b7,5456
Test/Unit/SearchAdapter/Aggregation/Builder/TermTest.php,9589dd4fc4a11e39ec797038ce6b5e5e00cc1e45445a9c075cb511d0fecceb7f,2963
Test/Unit/SearchAdapter/Aggregation/BuilderTest.php,e9e3b0223368a10ce9c4c290120720fd022e40016076dddc99c9e1b69baf62af,4642
Test/Unit/SearchAdapter/Aggregation/DataProviderFactoryTest.php,283053c776fcf5d0d421ce588a96e86583a5cb30c7b831468cca6eaf09c1bcf9,4520
Test/Unit/SearchAdapter/Aggregation/IntervalTest.php,e61eed4c41feeab13d765b5d22da384b2d31a64a491c904c79cc2dfe9dbbb9fb,11363
Test/Unit/SearchAdapter/AggregationFactoryTest.php,4b5e627a81e8d7f36a63ffab6dc45ccf7859df818ef8d020f3723e87c2d61ef2,1811
Test/Unit/SearchAdapter/ConnectionManagerTest.php,a37d28a62acc339bbbb9e98162e9917fc242f1ac4534291f4042bdd2076f24b9,3184
Test/Unit/SearchAdapter/DocumentFactoryTest.php,c14394cc0b6f7fae311f412414afa25f3c2a49409f41556ea6bf464801057159,2488
Test/Unit/SearchAdapter/Dynamic/DataProviderTest.php,a37698bdf1e213da69c838646e398a84e5097fea413509bfd20d827eef7df9fc,12267
Test/Unit/SearchAdapter/Filter/Builder/RangeTest.php,d96cd204b1d8485c995725385de604aa8e82ba90f3545dce2c5b7bf649c69c9d,2409
Test/Unit/SearchAdapter/Filter/Builder/TermTest.php,c7b5b92e5b5c9671842891bcad0d83d35de002020b366eeb53cc1cee55529be8,2256
Test/Unit/SearchAdapter/Filter/Builder/WildcardTest.php,3eff27989c7474a6452dd0b27768962c733dfbe760b2c97648bf88ce431e3d7d,2113
Test/Unit/SearchAdapter/Filter/BuilderTest.php,b9c8197663c8fb2c788d7f4dce56bfc696c8582a9eeca89e0038e6fae4a35eab,5432
Test/Unit/SearchAdapter/MapperTest.php,bea9a20651c3f533214bcf199596d7219a521e78a6938d4d85c7a66cba761372,6880
Test/Unit/SearchAdapter/Query/Builder/AggregationTest.php,8812c5fcafb20d9227be941d72b0c6ba41b13fa360d43ca0b65cd7e77cfb4bea,5145
Test/Unit/SearchAdapter/Query/Builder/MatchTest.php,1a4d06e8fb491102ea294cb0da5b6b037e71cbb26d454d5bb6d2f7a79e2e8e31,5251
Test/Unit/SearchAdapter/Query/BuilderTest.php,6f4a9f02bf32f5f82729392f8b4699c31252390fabff32abf9d8495904040b1d,5146
Test/Unit/SearchAdapter/Query/Preprocessor/StopwordsTest.php,f662a3285f8ec9c1e6a382817c12c2e24f67653f333f7c278847b07a8349007c,7324
Test/Unit/SearchAdapter/ResponseFactoryTest.php,fc66d224f78cba0c7848affb85170715d6ce48802f3fc775f7e518638d439053,4379
Test/Unit/SearchAdapter/SearchIndexNameResolverTest.php,30d355026fd6cc1bda49765f52d6a81d66f38c8f84fdbe0c82a20fda1dbc3963,2306
composer.json,e3a645f2bd00ff03e0e773c7d68e0e2290fbb177f84350a508d8428e88cfb07f,928
etc/adminhtml/system.xml,c363742ad1e8bef0aae637eceab7cf1f1f1daa9935a4262cfe8460ca38c92ace,7184
etc/config.xml,83daac56884fd05153471c2eca4d3d8810301c4056b61f50a4f5ac49d3ec7ca2,1203
etc/di.xml,7ba1c4840d3190e78da9743d8179dd5b73f7118781f230c4625002bd49183f37,16629
etc/esconfig.xml,6aace30bf247df43d7c05ce0cf0acc7b394896f75ba819b542bbf10b1d70ab8a,1034
etc/esconfig.xsd,eace0cc359162b7975a2e372e2d8550acd174bc5652db6f39ce14c58c8b44cfc,870
etc/indexer.xml,8ef14e5e0ab5ddc34ad7c83d561e6782c701fc2750a640251505021b380904e8,505
etc/module.xml,a00908df050fe157c075546fe60400f1faffb00b6c7f4a944b38102b8e951c2a,543
etc/search_engine.xml,8a5a5a8fed7a3a19457d40389d794c1e20715e357ecb6f71189d2ba718ddc536,387
etc/stopwords/stopwords.csv,4bd7f0416c46402bc0090207f00cebee217570cd3ff22115478cf1c5360fa126,133
etc/stopwords/stopwords_de_DE.csv,6b563baa50e8b5eee45b1720153bb623c2be9ffef722200f0df6837fc70e42bb,686
etc/stopwords/stopwords_en_US.csv,4bd7f0416c46402bc0090207f00cebee217570cd3ff22115478cf1c5360fa126,133
etc/stopwords/stopwords_es_ES.csv,ce02ad8f41af6dfdf91001cad15e5b2f524eacabd1b354f6be2d3ddfab1222b0,1142
etc/stopwords/stopwords_fr_FR.csv,19a441f8e5c1203ae0933b0844d3be157bbdc6199e6eaf1b2b169007a180c76e,602
etc/stopwords/stopwords_nl_NL.csv,6c59e73d1df915a624948cddeb49d54683a3b7584d8055f59ba90576a6e59110,458
etc/stopwords/stopwords_pt_BR.csv,f3d496a9b37de131489b34f3d9808fa2c9b1d4cef02c2eac3a9e9313ef11417e,864
etc/stopwords/stopwords_zh_Hans_CN.csv,5c0b24e471fab691dc27ac149fdf6c103971407375bf22fffce36f2e5a4f8ce9,499
i18n/en_US.csv,0ac9cd8b510deba3da7f4f3d0a604f50e6b467f98face3c81e61e8af01652588,908
registration.php,e931f2beb18215c137dd1671ef5f708a85413620f64bc1d9295584c0e5a6d533,270
